第1章 异世界的我开了挂,https://fanqienovel.com/reader/7080352001514865189
第2章 第一个客人,https://fanqienovel.com/reader/7080352095844434444
第3章 物理治疗还是开刀治疗？,https://fanqienovel.com/reader/7080352194582544936
第4章 眼珠两百，概不退换,https://fanqienovel.com/reader/7080352287536710178
第5章 作为医生，我必须对你负责,https://fanqienovel.com/reader/7080352427895226913
第6章 这是一种假象,https://fanqienovel.com/reader/7080352525806731791
第7章 手术完美完成,https://fanqienovel.com/reader/7080352620648333832
第8章 肚子不舒服，我再给你开刀,https://fanqienovel.com/reader/7080352782460387870
第9章 我给你整整容,https://fanqienovel.com/reader/7080352951948018176
第10章 黑店！黑店啊,https://fanqienovel.com/reader/7080353204747108899
