第1章 风雪夜，小太平叩门求炭,https://fanqienovel.com/reader/7081837085425926656
第2章 病榻前，得爷爷临终赠宝,https://fanqienovel.com/reader/7081837513689530887
第3章 头七日，恶婶婶卖侄为奴,https://fanqienovel.com/reader/7081838119884063239
第4章 三十两，小太平斩断尘缘,https://fanqienovel.com/reader/7081941171190104607
第5章 渡云海，云庐山中藏青玄,https://fanqienovel.com/reader/7081979839112184357
第6章 跃龙门，黑龙长老守山门,https://fanqienovel.com/reader/7082340549528650275
第7章 测灵骨，许太平无缘七峰,https://fanqienovel.com/reader/7082341353748857351
第8章 青竹居，许太平拜别玲珑,https://fanqienovel.com/reader/7082341923146596905
第9章 种黄豆，豆荚之中得机缘,https://fanqienovel.com/reader/7082552683495686671
第10章 得灵晶，地藏果中有玄机,https://fanqienovel.com/reader/7082553217950679585
