第1章 丹田被毁,https://fanqienovel.com/reader/7086852974080852495
第2章 神秘青铜,https://fanqienovel.com/reader/7086853785171001890
第3章 尾随而至,https://fanqienovel.com/reader/7086854080626164259
第4章 阴玉,https://fanqienovel.com/reader/7087085454255718945
第5章 成亲,https://fanqienovel.com/reader/7087090156699976206
第6章 女王归来,https://fanqienovel.com/reader/7087194427302609412
第7章 找到办法,https://fanqienovel.com/reader/7087401383858536994
第8章 贝小姐,https://fanqienovel.com/reader/7087403678235099661
第9章 村长的智慧,https://fanqienovel.com/reader/7087408478737662477
第10章 云城,https://fanqienovel.com/reader/7087624011693163040
