第1章 冷家废物,https://fanqienovel.com/reader/7062155118472331816
第2章 通天剑帝,https://fanqienovel.com/reader/7062155624351531524
第3章 涅槃重生,https://fanqienovel.com/reader/7062155958050357801
第4章 嗜血魔藤,https://fanqienovel.com/reader/7062156230482985513
第5章 上古药田,https://fanqienovel.com/reader/7062156512860308006
第6章 终破桎梏,https://fanqienovel.com/reader/7062156928209814056
第7章 南疆三宗,https://fanqienovel.com/reader/7062157364979466763
第8章 猎杀时刻,https://fanqienovel.com/reader/7062157628071215651
第9章 神秘女子,https://fanqienovel.com/reader/7062158076769468959
第10章 沧源袭杀,https://fanqienovel.com/reader/7062158379245896192
