第1章 这无处安放的魅力,https://fanqienovel.com/reader/7025506670885208617
第2章 人品滑铁卢,https://fanqienovel.com/reader/7025507075593765407
第3章 论如何在玄幻世界造机器人这件事,https://fanqienovel.com/reader/7025507192543379972
第4章 对外就说你是我的御灵,https://fanqienovel.com/reader/7025507330531787300
第5章 泰坦的天赋,https://fanqienovel.com/reader/7025507479467491848
第6章 暂时恢复自由,https://fanqienovel.com/reader/7025784412956525090
第7章 第一战,https://fanqienovel.com/reader/7025824323919151648
第8章 兴奋战吼？,https://fanqienovel.com/reader/7025849326047855119
第9章 副职业,https://fanqienovel.com/reader/7026271533370868235
第10章 加点使人快乐,https://fanqienovel.com/reader/7026543503681258014
