第1章 奇异铜钱,https://fanqienovel.com/reader/6991679267809690124
第2章 玄元宗,https://fanqienovel.com/reader/6991679943214268962
第3章 测灵根,https://fanqienovel.com/reader/6991680250228769315
第4章 抢弟子,https://fanqienovel.com/reader/6991681408716505639
第5章 天漏之体,https://fanqienovel.com/reader/6991682014362075688
第6章 元寿丹,https://fanqienovel.com/reader/6991682775841505827
第7章 挑衅,https://fanqienovel.com/reader/6992157960579318302
第8章 通玄经,https://fanqienovel.com/reader/6992159067741356579
第9章 你敲诈我,https://fanqienovel.com/reader/6992159601634476580
第10章 有情道,https://fanqienovel.com/reader/6992531507357155852
