第1章 真龙劫,https://fanqienovel.com/reader/7069646958264058383
第2章 第二条武脉,https://fanqienovel.com/reader/7069647601024369167
第3章 弹指杀人,https://fanqienovel.com/reader/7069647898388595240
第4章 进境神速,https://fanqienovel.com/reader/7069648116428833319
第5章 盐帮大小姐,https://fanqienovel.com/reader/7069648708773610019
第6章 武技——裂空斩,https://fanqienovel.com/reader/7069648895239782916
第7章 追杀,https://fanqienovel.com/reader/7069649120784450082
第8章 龙雀步,https://fanqienovel.com/reader/7069649349134778920
第9章 反杀,https://fanqienovel.com/reader/7069649678475723264
第10章 出山，云天李家,https://fanqienovel.com/reader/7069649924719116803
