第1章 丹田破裂，逐出宗门,https://fanqienovel.com/reader/7099503952495903239
第2章 神秘的黑球,https://fanqienovel.com/reader/7099504656983785995
第3章 天珠,https://fanqienovel.com/reader/7099505321369928226
第4章 九龙通行术,https://fanqienovel.com/reader/7099505782000976424
第5章 噬天神龙,https://fanqienovel.com/reader/7099506660049158670
第6章 暴君熊,https://fanqienovel.com/reader/7099506997728379424
第7章 灵源果,https://fanqienovel.com/reader/7099507232663929347
第8章 聚宝阁,https://fanqienovel.com/reader/7099507731064685064
第9章 拍卖会,https://fanqienovel.com/reader/7099507956491747855
第10章 发财了,https://fanqienovel.com/reader/7099508281680495118
