第1章 人在异界，便宜老爹刚归西,https://fanqienovel.com/reader/7045091771994505763
第2章 仙魔剑体,https://fanqienovel.com/reader/7045092071128072735
第3章 赵家绝学,https://fanqienovel.com/reader/7045092475588837918
第4章 可抵赵西川二十年剑道,https://fanqienovel.com/reader/7045466043275280935
第5章 出现BUG，系统赔礼道歉,https://fanqienovel.com/reader/7045466997252948518
第6章 少爷你还是快提桶跑路吧,https://fanqienovel.com/reader/7045468094638064168
第7章 剑影步,https://fanqienovel.com/reader/7045843718561235468
第8章 赵世基有主角之姿,https://fanqienovel.com/reader/7045844807607910947
第9章 拔剑,https://fanqienovel.com/reader/7045845867361731113
第10章 惊人的实力,https://fanqienovel.com/reader/7046175821605634593
