第1章 武夫,https://fanqienovel.com/reader/7093831615155012111
第2章 现状,https://fanqienovel.com/reader/7093832031246909988
第3章 任务,https://fanqienovel.com/reader/7093832353390428684
第4章 巡边,https://fanqienovel.com/reader/7093832605841228321
第5章 边境,https://fanqienovel.com/reader/7093832954891207204
第6章 妖兵,https://fanqienovel.com/reader/7093833142553084454
第7章 野蛮,https://fanqienovel.com/reader/7093833469528113698
第8章 追踪,https://fanqienovel.com/reader/7093833691377435139
第9章 受伤,https://fanqienovel.com/reader/7093833956725883392
第10章 脱险,https://fanqienovel.com/reader/7093834402479899148
