第1章 除妖,https://fanqienovel.com/reader/7077715084348555776
第2章 贫道溜了,https://fanqienovel.com/reader/7077715387701264935
第3章 青阳小观,https://fanqienovel.com/reader/7077717493757772319
第4章 师尊走好,https://fanqienovel.com/reader/7077718422737388071
第5章 讨债的来了,https://fanqienovel.com/reader/7078248262251381256
第6章 负债累累,https://fanqienovel.com/reader/7078274731345969695
第7章 怨种上门,https://fanqienovel.com/reader/7078619384608096802
第8章 卦师,https://fanqienovel.com/reader/7078659025101193739
第9章 修行“奇才”,https://fanqienovel.com/reader/7078998845362799107
第10章 古钱异动,https://fanqienovel.com/reader/7079021805465240097
