第1章 离村,https://fanqienovel.com/reader/7084414759973585408
第2章 青山城,https://fanqienovel.com/reader/7084436526091731459
第3章 宋飞,https://fanqienovel.com/reader/7084459501818118697
第4章 火焚决,https://fanqienovel.com/reader/7084402807511450145
第5章 清风剑法,https://fanqienovel.com/reader/7084471291444462118
第6章 炼器楼,https://fanqienovel.com/reader/7084472578760245775
第7章 切磋,https://fanqienovel.com/reader/7084474257916625441
第8章 品级,https://fanqienovel.com/reader/7084474752856752677
第9章 准备进山,https://fanqienovel.com/reader/7084475242160063009
第10章 进山,https://fanqienovel.com/reader/7084475474063131176
