第1章 沧澜江上打渔郎,https://fanqienovel.com/reader/7081160310089843232
第2章 你瞎我也瞎,https://fanqienovel.com/reader/7081161990617432612
第3章 新鲜出炉孙媳妇,https://fanqienovel.com/reader/7081163818209903143
第4章 田鸡……子,https://fanqienovel.com/reader/7081165017357386280
第5章 天下第九,https://fanqienovel.com/reader/7081166929913709094
第6章 五国之相,https://fanqienovel.com/reader/7081168677214618116
第7章 烧刀子,https://fanqienovel.com/reader/7081169699215507999
第8章 临江阁上临江仙,https://fanqienovel.com/reader/7081170910031381004
第9章 此郎彼郎,https://fanqienovel.com/reader/7081171595330650660
第10章 这玩意儿有啥用,https://fanqienovel.com/reader/7081544095302156837
