第1章 穿越到人渣身上,https://fanqienovel.com/reader/7093790579347161607
第2章 截杀,https://fanqienovel.com/reader/7093794685126181411
第3章 继续当个混蛋纨绔,https://fanqienovel.com/reader/7093798341250646566
第4章 不怀好意的兄弟,https://fanqienovel.com/reader/7093801103711535631
第5章 当王爷的父亲,https://fanqienovel.com/reader/7093803142046810657
第6章 对大嫂贼心不死？,https://fanqienovel.com/reader/7093803600085778981
第7章 这个婚约，我不认,https://fanqienovel.com/reader/7093875405014827534
第8章 输了算兄弟的,https://fanqienovel.com/reader/7093893340139094558
第9章 谁怕谁,https://fanqienovel.com/reader/7093894554868417060
第10章 兄弟，该还债了,https://fanqienovel.com/reader/7093895004547973632
