第1章 杂役弟子姜尘,https://fanqienovel.com/reader/7132009941644247593
第2章 夏薇薇师姐,https://fanqienovel.com/reader/7132010313897116190
第3章 一颗神心,https://fanqienovel.com/reader/7132010450635457065
第4章 晋升大赛,https://fanqienovel.com/reader/7132010554184434183
第5章 无人能挡,https://fanqienovel.com/reader/7132010695956103695
第6章 晋升,https://fanqienovel.com/reader/7132010998004711976
第7章 测试体质,https://fanqienovel.com/reader/7153059394509341221
第8章 挑选弟子,https://fanqienovel.com/reader/7153060104995242527
第9章 幽云宗镇守,https://fanqienovel.com/reader/7153060501113537037
第10章 真正看中的人,https://fanqienovel.com/reader/7153060738653913615
