第一章 太子重生,https://fanqienovel.com/reader/6792811972225139214
第二章 宗祠大殿,https://fanqienovel.com/reader/6792813993053389324
第三章 二小姐,https://fanqienovel.com/reader/6792815849221652996
第四章 赠剑,https://fanqienovel.com/reader/6792816859822424580
第五章 这一世,https://fanqienovel.com/reader/6793174677318533644
第六章 妖孽天赋,https://fanqienovel.com/reader/6793199533590315531
第七章 造化战体,https://fanqienovel.com/reader/6793505202893750787
第八章 悬赏人头,https://fanqienovel.com/reader/6793611957669724675
第九章 追杀,https://fanqienovel.com/reader/6793885891115876868
第十章 幻想一幕,https://fanqienovel.com/reader/6793942455260545540
