第1章 重回苏家,https://fanqienovel.com/reader/7092592802487337513
第2章 必斩他,https://fanqienovel.com/reader/7092593404055388712
第3章 功法与秘术,https://fanqienovel.com/reader/7092998140072198694
第4章 三十八息,https://fanqienovel.com/reader/7092999289743671812
第5章 硬碰硬,https://fanqienovel.com/reader/7093348375956816399
第6章 赤龙楼,https://fanqienovel.com/reader/7093349898875044365
第7章 震动,https://fanqienovel.com/reader/7093744918404792835
第8章 指点,https://fanqienovel.com/reader/7093745194545512996
第9章 争夺战开始,https://fanqienovel.com/reader/7094117920715833888
第10章 雨滴,https://fanqienovel.com/reader/7094118203038630407
