第1章 云霄妹子身材真不错,https://fanqienovel.com/reader/7017736286857331234
第2章 咱截教的美女真多,https://fanqienovel.com/reader/7017736446568038942
第3章 李潇真神了，云霄震惊,https://fanqienovel.com/reader/7017736567305273888
第4章 难道大姐喜欢李潇那个废物？,https://fanqienovel.com/reader/7017736713745531400
第5章 定光仙要叛教？云霄怒了,https://fanqienovel.com/reader/7017736857429475853
第6章 云霄提剑砍定光仙，截教炸锅,https://fanqienovel.com/reader/7017736977793417759
第7章 什么？李潇会九转玄功？,https://fanqienovel.com/reader/7017737131531436584
第8章 通天教主是偷窥狂魔？,https://fanqienovel.com/reader/7017737235504038431
第9章 什么？我们都得死？,https://fanqienovel.com/reader/7017737357226934791
第10章 通天心惊，三霄访李潇,https://fanqienovel.com/reader/7017737503578784296
