第1章 大宇琉璃镜,https://fanqienovel.com/reader/7044783809564246528
第2章 还真是五灵根,https://fanqienovel.com/reader/7044783907614491176
第3章 初用大宇琉璃镜,https://fanqienovel.com/reader/7044784073596174884
第4章 无字天书？,https://fanqienovel.com/reader/7044784172057133582
第5章 只有五灵根才能看见,https://fanqienovel.com/reader/7044784274020663848
第6章 五行灵力,https://fanqienovel.com/reader/7044784371433374239
第7章 突破，炼气期,https://fanqienovel.com/reader/7044784487724483104
第8章 张天元死了,https://fanqienovel.com/reader/7044784573196009992
第9章 自知之明,https://fanqienovel.com/reader/7045278926335115790
第10章 不准练剑,https://fanqienovel.com/reader/7045279020459491840
