第1章 王家大少,https://fanqienovel.com/reader/7031510133649703463
第2章 天弃生脉,https://fanqienovel.com/reader/7031510357977858571
第3章 器中有灵,https://fanqienovel.com/reader/7031510517164442148
第4章 我儿懂事啦,https://fanqienovel.com/reader/7031510691999810055
第5章 水月城,https://fanqienovel.com/reader/7031510861827015183
第6章 冲霄,https://fanqienovel.com/reader/7031511044275044904
第7章 九转圣阳诀,https://fanqienovel.com/reader/7031511227868611109
第8章 变态的生脉境,https://fanqienovel.com/reader/7031511390439342607
第9章 家族大比,https://fanqienovel.com/reader/7031511657931080222
第10章 一拳,https://fanqienovel.com/reader/7031511804148711974
