第1章 御灵使的世界,https://fanqienovel.com/reader/6979755799866245672
第2章 系统激活,https://fanqienovel.com/reader/6979755893285978665
第3章 世间总不缺找抽的人,https://fanqienovel.com/reader/6979756000488194575
第4章 第4章 可进化僵尸,https://fanqienovel.com/reader/6979756181354971682
第5章 第一次进化,https://fanqienovel.com/reader/6979756274338497039
第6章 白眼僵尸,https://fanqienovel.com/reader/6979756372531348003
第7章 超速再生，血幽,https://fanqienovel.com/reader/6979756476336341545
第8章 出城,https://fanqienovel.com/reader/6979756557093306880
第9章 葬骨丘,https://fanqienovel.com/reader/6979756631617700367
第10章 系统任务，经验获取,https://fanqienovel.com/reader/6979756722713788962
