第1章 白家四少，风波起,https://fanqienovel.com/reader/6929848066732196360
第2章 温润少年，雷霆出手,https://fanqienovel.com/reader/6929848365907706382
第3章 三日之期，阴谋初显,https://fanqienovel.com/reader/6929848661367554567
第4章 以身犯险，夜行李府,https://fanqienovel.com/reader/6929849013823144462
第5章 白父震怒，休伤我儿！,https://fanqienovel.com/reader/6929849372972679693
第6章 白父赶来，狠辣白玉,https://fanqienovel.com/reader/6929849576342389255
第7章 瑾瑜拜宗，异变突生！,https://fanqienovel.com/reader/6929850182138135053
第8章 狩猎归来，危机将至。,https://fanqienovel.com/reader/6929850459884782093
第9章 内心不安，惨剧发生,https://fanqienovel.com/reader/6929850749367747085
第10章 安葬全族，背剑出城！,https://fanqienovel.com/reader/6929851159326753293
