第1章 少年阿牛,https://fanqienovel.com/reader/6999436904777122304
第2章 身份暴露,https://fanqienovel.com/reader/6999437262618362407
第3章 说不出的离别,https://fanqienovel.com/reader/6999437656031494691
第4章 打造武器,https://fanqienovel.com/reader/6999438071615881766
第5章 勇敢的心,https://fanqienovel.com/reader/6999438522780221988
第6章 遭遇巨兽,https://fanqienovel.com/reader/6999438829283344903
第7章 可惜可惜,https://fanqienovel.com/reader/6999439315348488716
第8章 凤山村,https://fanqienovel.com/reader/6999439737249497630
第9章 腾云驾雾,https://fanqienovel.com/reader/6999440051499172352
第10章 太一宗,https://fanqienovel.com/reader/6999440427711463973
