第1章 金色丹田，万古最强,https://fanqienovel.com/reader/7067440654544011810
第2章 如何破局,https://fanqienovel.com/reader/7067440880285975074
第3章 念头通达,https://fanqienovel.com/reader/7067441251158589986
第4章 登青龙梯,https://fanqienovel.com/reader/7067441386529915431
第5章 神像炸灭,https://fanqienovel.com/reader/7067441562644382249
第6章 生死台,https://fanqienovel.com/reader/7067441769822028322
第7章 一群忘恩负义的狗东西,https://fanqienovel.com/reader/7067442195480969758
第8章 谁是猎物,https://fanqienovel.com/reader/7067444218939048478
第9章 一场误会,https://fanqienovel.com/reader/7067926693780029952
第10章 血战,https://fanqienovel.com/reader/7068286183280738828
