第1章 轮回转世,https://fanqienovel.com/reader/7052261065819685384
第2章 大荒九龙诀,https://fanqienovel.com/reader/7054507955860963848
第3章 那就打进去,https://fanqienovel.com/reader/7060327572869120547
第4章 你这个废物，也配说自己炼丹,https://fanqienovel.com/reader/7060327750275596833
第5章 狠狠宰一笔,https://fanqienovel.com/reader/7060330348135055905
第6章 你，是来找茬的？,https://fanqienovel.com/reader/7060332284204810784
第7章 长老逼宫,https://fanqienovel.com/reader/7060334017329136164
第8章 三日之约,https://fanqienovel.com/reader/7060337037685031435
第9章 兽血谭,https://fanqienovel.com/reader/7060338976866959912
第10章 林霄开始前进,https://fanqienovel.com/reader/7060341507449946658
