第1章 修为被废,https://fanqienovel.com/reader/7077888349436019200
第2章 吞天魔龙诀,https://fanqienovel.com/reader/7077922539430740510
第3章 五阶红阳果,https://fanqienovel.com/reader/7078000855445668388
第4章 击杀黑云鹰,https://fanqienovel.com/reader/7078001178893615655
第5章 天云宗龙青瑶,https://fanqienovel.com/reader/7078001724039889439
第6章 二女不认账,https://fanqienovel.com/reader/7078002099002278433
第7章 天门宗令牌,https://fanqienovel.com/reader/7078216274219631118
第8章 江云,https://fanqienovel.com/reader/7078234344434696711
第9章 江家武技阁,https://fanqienovel.com/reader/7078694851495068200
第10章 拔刀斩,https://fanqienovel.com/reader/7079057727170970150
