第1章 古镇小散修,https://fanqienovel.com/reader/7022464652055413256
第2章 炼气三重,https://fanqienovel.com/reader/7022464898135228963
第3章 南岭奇药,https://fanqienovel.com/reader/7022465249169113611
第4章 正阳门弟子,https://fanqienovel.com/reader/7022465481789407785
第5章 奸商,https://fanqienovel.com/reader/7022465764783292963
第6章 宝物,https://fanqienovel.com/reader/7022466315440882207
第7章 灼火石,https://fanqienovel.com/reader/7022466583364633122
第8章 进入南岭,https://fanqienovel.com/reader/7022466900835697166
第9章 不开眼的东西,https://fanqienovel.com/reader/7023219202836300322
第10章 气急败坏的老头,https://fanqienovel.com/reader/7023219588166844935
