第1章 玉碟空间,https://fanqienovel.com/reader/7070769125227921956
第2章 艰难觅食,https://fanqienovel.com/reader/7074768095683969536
第3章 岩狼,https://fanqienovel.com/reader/7074774870042608143
第4章 青阳镇,https://fanqienovel.com/reader/7074783946118005263
第5章 李大耳朵,https://fanqienovel.com/reader/7074787522617803304
第6章 黑刀,https://fanqienovel.com/reader/7074821100600820262
第7章 破书,https://fanqienovel.com/reader/7074823940106879496
第8章《长春功》,https://fanqienovel.com/reader/7078906768537223687
第9章 修练与收获,https://fanqienovel.com/reader/7081104318908072461
第10章 狭路相逢,https://fanqienovel.com/reader/7081492952644026914
