第1章 雾灾传说,https://fanqienovel.com/reader/7083402588313354783
第2章 紫裙仙女,https://fanqienovel.com/reader/7083402778978025999
第3章 仙女传功,https://fanqienovel.com/reader/7083402984540865059
第4章 困境求生,https://fanqienovel.com/reader/7083403187486458379
第5章 半路截杀,https://fanqienovel.com/reader/7083403362749809155
第6章 仙途险恶,https://fanqienovel.com/reader/7083403588000547343
第7章 云岭沈家,https://fanqienovel.com/reader/7083403762491982377
第8章 仙女遗宝,https://fanqienovel.com/reader/7083404020739801630
第9章 太玄经,https://fanqienovel.com/reader/7083404147143213583
第10章 顺安坊市,https://fanqienovel.com/reader/7083404345680757283
