第1章 凉山御龙卫,https://fanqienovel.com/reader/7075506216125858308
第2章 混天十录,https://fanqienovel.com/reader/7075506441343205920
第3章 演练《玄元功》,https://fanqienovel.com/reader/7075506741261271560
第4章 一录：阴阳令,https://fanqienovel.com/reader/7075506923725914660
第5章 开神庭，立镇魂,https://fanqienovel.com/reader/7075507120430547470
第6章 神魂醒，心明智开,https://fanqienovel.com/reader/7075508335289729566
第7章 人命如草芥,https://fanqienovel.com/reader/7075508659358433827
第8章 伏龙寺，大日荡魔,https://fanqienovel.com/reader/7075509067745067534
第9章 虎煞刀，血气化形,https://fanqienovel.com/reader/7075880073420931614
第10章 暗流涌动,https://fanqienovel.com/reader/7075880599050781218
