第1章 天下三分才气归墨渊,https://fanqienovel.com/reader/7086284555358831116
第2章 红楼,https://fanqienovel.com/reader/7086284702176248351
第3章 金胖子,https://fanqienovel.com/reader/7086284876609126924
第4章 以真换假暗相助,https://fanqienovel.com/reader/7086285062454379046
第5章 梨园相逼,https://fanqienovel.com/reader/7086285396891402765
第6章 二先生的人情,https://fanqienovel.com/reader/7086285661195633190
第7章 初闻肖墨,https://fanqienovel.com/reader/7086286062338703912
第8章 金胖子的谢礼,https://fanqienovel.com/reader/7086286293788951052
第9章 典书,https://fanqienovel.com/reader/7086286583145595432
第10章 燕云三十六骑,https://fanqienovel.com/reader/7086822253685539363
