第1章 人生模拟,https://fanqienovel.com/reader/7018821952030638596
第2章 鸿钧？给爷死,https://fanqienovel.com/reader/7018822101268169227
第3章 吾乃唐三藏？,https://fanqienovel.com/reader/7018822266163036679
第4章 吾当效仿地藏王,https://fanqienovel.com/reader/7018822483809993224
第5章 如来懵了,https://fanqienovel.com/reader/7018822637719650831
第6章 诸佛毕至，万佛来朝,https://fanqienovel.com/reader/7018822789578621455
第7章 额外奖励，灵气+1？,https://fanqienovel.com/reader/7018822971972125195
第8章 这是干什么？,https://fanqienovel.com/reader/7018823172564713992
第9章 十二道金牌矫诏,https://fanqienovel.com/reader/7018823334041223687
第10章 朝廷来使,https://fanqienovel.com/reader/7018823655979221508
