第1章 渔村少年,https://fanqienovel.com/reader/7077861036950946341
第2章 仙女使者,https://fanqienovel.com/reader/7077863381360706052
第3章 灵根测试,https://fanqienovel.com/reader/7077888618819224068
第4章 极品灵根,https://fanqienovel.com/reader/7077936293530829348
第5章 废人谷,https://fanqienovel.com/reader/7077959650313765390
第6章 五行转灵诀,https://fanqienovel.com/reader/7077975670743106089
第7章 引气入体,https://fanqienovel.com/reader/7078143290524041736
第8章 玄烈遗产,https://fanqienovel.com/reader/7078303891003015683
第9章 当众受辱,https://fanqienovel.com/reader/7078325815980753423
第10章 野狗乱吠,https://fanqienovel.com/reader/7078342305815462408
