第1章 天才枪械师,https://fanqienovel.com/reader/7079024331153801758
第2章 穿越重生成小乞丐,https://fanqienovel.com/reader/7079032023423123982
第3章 乞丐阿丑,https://fanqienovel.com/reader/7079033980821242401
第4章 结盟与修练功法,https://fanqienovel.com/reader/7079035925354775081
第5章 传授无名功法,https://fanqienovel.com/reader/7079038521549259272
第6章 恢复、出动,https://fanqienovel.com/reader/7079040218418184741
第7章 狩猎猪牙兽,https://fanqienovel.com/reader/7079041612403507727
第8章 阿丑受伤,https://fanqienovel.com/reader/7079043351609246222
第9章 复仇序幕,https://fanqienovel.com/reader/7079045599676334630
第10章 愤怒出手,https://fanqienovel.com/reader/7079047365012750885
