第1章 泥猴,https://fanqienovel.com/reader/7087876184029168164
第2章 被劫,https://fanqienovel.com/reader/7087876391642858023
第3章 药奴,https://fanqienovel.com/reader/7087876582752616973
第4章 希望,https://fanqienovel.com/reader/7087876769524482592
第5章 觉醒,https://fanqienovel.com/reader/7087876936180957727
第6章 宝塔,https://fanqienovel.com/reader/7087877152993247783
第7章 仙果,https://fanqienovel.com/reader/7087877327039922726
第8章 成仙,https://fanqienovel.com/reader/7087877491922043400
第9章 丹方,https://fanqienovel.com/reader/7087877727935529475
第10章 启程,https://fanqienovel.com/reader/7087877963693163020
