第1章 系统当奴隶,https://fanqienovel.com/reader/6992888646365872673
第2章 不干净了,https://fanqienovel.com/reader/6993320755471581728
第3章 萧天吓尿了,https://fanqienovel.com/reader/6993690121589490211
第4章 把绑匪整不会了,https://fanqienovel.com/reader/6994314315335467528
第5章 为什么逼我,https://fanqienovel.com/reader/6994636379552645635
第6章 少将军坏掉了,https://fanqienovel.com/reader/6995433455869755911
第7章 太可怕了，我好害怕,https://fanqienovel.com/reader/6995734824686191107
第8章 能动手就不哔哔,https://fanqienovel.com/reader/6995805457004790310
第9章 摆事实讲道理,https://fanqienovel.com/reader/6995824608431571467
第10章 别伤到他了,https://fanqienovel.com/reader/6996316184870126115
