第1章 林逸,https://fanqienovel.com/reader/6918676701404725768
第2章 小鹰,https://fanqienovel.com/reader/6918677421348618760
第3章 上当受骗,https://fanqienovel.com/reader/6918677953593213453
第4章 清药堂,https://fanqienovel.com/reader/6918678314441769480
第5章 入选九青门,https://fanqienovel.com/reader/6918679060818166280
第6章 九青门副宗主,https://fanqienovel.com/reader/6918680312339759630
第7章 弱肉强食,https://fanqienovel.com/reader/6918680956605825549
第8章 药峰,https://fanqienovel.com/reader/6918681555087360525
第9章 终见费老，教炼药,https://fanqienovel.com/reader/6918682098656248327
第10章 成为药剂师,https://fanqienovel.com/reader/6918682526273765901
