第1章 临别赠书,https://fanqienovel.com/reader/6823206645317763587
第2章 烈火诀,https://fanqienovel.com/reader/6823348843870945804
第3章 苏府小姐,https://fanqienovel.com/reader/6823697722403455499
第4章 御风术,https://fanqienovel.com/reader/6824109056563610125
第5章 保心丸,https://fanqienovel.com/reader/6824109903989178892
第6章 青铜蛤蟆,https://fanqienovel.com/reader/6824487743310004739
第7章 古墓,https://fanqienovel.com/reader/6824489074015863309
第8章 痛失亲人,https://fanqienovel.com/reader/6825197340471591431
第9章 幻象,https://fanqienovel.com/reader/6825792322668593675
第10章 黑白二土,https://fanqienovel.com/reader/6826166172237431307
