第1章 像极了骗子？,https://fanqienovel.com/reader/7081429211335885353
第2章 奖励：混沌神魔体,https://fanqienovel.com/reader/7081437317348622884
第3章 师尊太好了叭,https://fanqienovel.com/reader/7081437701232132623
第4章 蒸蒸日上浩然宗,https://fanqienovel.com/reader/7081438229437612558
第5章 招募不成，要用抢？,https://fanqienovel.com/reader/7081438414335279650
第6章 谁也不好使,https://fanqienovel.com/reader/7081438683773010463
第7章 艳鬼臣服,https://fanqienovel.com/reader/7081438886089458191
第8章 亡灵骑士,https://fanqienovel.com/reader/7081447136012796456
第9章 黑风岭,https://fanqienovel.com/reader/7081460246027174432
第10章 狗熊？苟熊,https://fanqienovel.com/reader/7081802518996779535
