第1章 清灵李家,https://fanqienovel.com/reader/7105020538774356492
第2章 家族任务,https://fanqienovel.com/reader/7105026510146241032
第3章 清河岛,https://fanqienovel.com/reader/7105206150542393891
第4章 星灵坊市,https://fanqienovel.com/reader/7105292703692227072
第5章 采购物资,https://fanqienovel.com/reader/7105557645213303299
第6章 灭杀匪修,https://fanqienovel.com/reader/7105677535345967624
第7章 坐地分赃,https://fanqienovel.com/reader/7105939611787985444
第8章 练气五层,https://fanqienovel.com/reader/7106053298859442691
第9章 妹妹青瞳,https://fanqienovel.com/reader/7106299794942853632
第10章 青瞳到来,https://fanqienovel.com/reader/7106429937057268255
