第1章 穿越异世,https://fanqienovel.com/reader/7027750630856852006
第2章 蜀汉廖化,https://fanqienovel.com/reader/7027751116683248158
第3章 横扫无敌,https://fanqienovel.com/reader/7028013783666655785
第4章 徒县来犯,https://fanqienovel.com/reader/7028069187696198178
第5章 不堪一击,https://fanqienovel.com/reader/7028533844718387749
第6章 蜀郡震动,https://fanqienovel.com/reader/7028545213563929088
第7章 发兵徒县,https://fanqienovel.com/reader/7028882255149793825
第8章 横扫徒县,https://fanqienovel.com/reader/7028883086934966821
第9章 平定林胡,https://fanqienovel.com/reader/7028895261501948455
第10章 实力提升,https://fanqienovel.com/reader/7028898395603337767
