第1章 神秘黑罐,https://fanqienovel.com/reader/6990285690693124616
第2章 少年离家,https://fanqienovel.com/reader/6990288002849505822
第3章 仙长陨落,https://fanqienovel.com/reader/6990289320917598756
第4章 鉴别灵根,https://fanqienovel.com/reader/6990290602915004965
第5章 七大门派,https://fanqienovel.com/reader/6990292336727032350
第6章 成为杂役,https://fanqienovel.com/reader/6990296298830168612
第7章 黑罐的局限,https://fanqienovel.com/reader/6990297005171933732
第8章 获得丹方,https://fanqienovel.com/reader/6990297828392337933
第9章 进攻山门,https://fanqienovel.com/reader/6990298056612643341
第10章 龙玄上人,https://fanqienovel.com/reader/6990298338222408205
