第1章 雪地少年,https://fanqienovel.com/reader/6964289476336189982
第2章 青袍道人,https://fanqienovel.com/reader/6964571643377091085
第3章 一心两用,https://fanqienovel.com/reader/6964572261537808926
第4章 佑真观,https://fanqienovel.com/reader/6964922836263633438
第5章 四尾妖狐,https://fanqienovel.com/reader/6965340821390361118
第6章 紫瞳幻境,https://fanqienovel.com/reader/6965699970309554718
第7章 七巧玲珑塔,https://fanqienovel.com/reader/6966038698190176804
第8章 魔修,https://fanqienovel.com/reader/6966422303710118414
第9章 血傀术,https://fanqienovel.com/reader/6966781748474544654
第10章 无端大祸,https://fanqienovel.com/reader/6967147965601284622
