第1章 完了！早产儿,https://fanqienovel.com/reader/7038117515980964383
第2章 女帝出生，万古冰凰体,https://fanqienovel.com/reader/7038118365746954752
第3章 生命禁区，红毛怪物,https://fanqienovel.com/reader/7038123976295449129
第4章 叶天出生，极道天碑现,https://fanqienovel.com/reader/7038444877348078093
第5章 生来打破万古极境，混沌道体,https://fanqienovel.com/reader/7038445440064291328
第6章 天啊！竟然还是龙凤胎,https://fanqienovel.com/reader/7038446104534483486
第7章 本帝先出生，凭什么是妹妹？,https://fanqienovel.com/reader/7038446948189209125
第8章 恐怖的龙凤胎，高冷女帝,https://fanqienovel.com/reader/7038447267254272542
第9章 一句好凉凉，让女帝道心不稳,https://fanqienovel.com/reader/7038447627385602573
第10章 凝聚古神法体，老祖掀开棺材板,https://fanqienovel.com/reader/7038818689420001805
