第1章 我的弟弟是天选之子,https://fanqienovel.com/reader/7097114747682128421
第2章 我儿有大帝之资,https://fanqienovel.com/reader/7097115022643429920
第3章 有内鬼，禁止交易,https://fanqienovel.com/reader/7097115349086110239
第4章 励志成为最快的男人,https://fanqienovel.com/reader/7097115603323847203
第5章 小孩子能有什么坏心思,https://fanqienovel.com/reader/7097115821184385571
第6章 大人才选择，小孩子全都要,https://fanqienovel.com/reader/7097116532538343976
第7章 找个理由打弟弟,https://fanqienovel.com/reader/7097117015277732385
第8章 不听老人言，开心好几年,https://fanqienovel.com/reader/7097117804624937508
第9章 内心慌的一批,https://fanqienovel.com/reader/7097118195055755779
第10章 头角峥嵘之辈,https://fanqienovel.com/reader/7097119076819927593
