第1章 少年谢小凡,https://fanqienovel.com/reader/7049669190554223141
第2章 五行门,https://fanqienovel.com/reader/7049669439297585699
第3章 梁药师,https://fanqienovel.com/reader/7049669664040976934
第4章 要命神秘液,https://fanqienovel.com/reader/7049669868227920424
第5章 缠丝天罗功,https://fanqienovel.com/reader/7049670090568139297
第6章 迈入炼气期,https://fanqienovel.com/reader/7049670325172175399
第7章 下山,https://fanqienovel.com/reader/7049670515807814151
第8章 青北三狼,https://fanqienovel.com/reader/7049670933128151565
第9章 半路截杀,https://fanqienovel.com/reader/7049671424516030979
第10章 遭受重创,https://fanqienovel.com/reader/7050085438517674529
